

id,name,url,address,lat,lon,tags,description,image_url,price,student_text
1,麵屋のろし,http://ocean.colors-group.jp/archives/news/【中学生・高校生限定】学生ラーメン提供！,〒101-0024東京都千代田区神田和泉町2-8 須永ビル 1F,35.69874470,139.78013510,,,,,
2,大洋ボウル,http://taiyo-group.net/bowling/charge.html,〒760-0055　香川県高松市観光通2-10-15,34.33566160,134.05790950,,,,,
14,学級委員 山田くん 横浜店,https://aisekinavi.jp/kanagawa/c66/a117/1169/,神奈川県横浜市西区南幸2-17-8 トラストビル6F,35.46372550,139.61610400,,,,,
19,コミック＆インターネットカフェ アプレシオ,https://aprecio.co.jp/shop/nishikasai/news/11005,東京都江戸川区西葛西6-7-1メトロアーケードA棟,35.66483420,139.85711780,,,,,
27,中高大学生向け 夏の催し物のご案内,https://ch.kanagawa-museum.jp/news/10609,〒231-0006神奈川県横浜市中区南仲通5-60,35.44911380,139.63629930,,,,,
19,コミック＆インターネットカフェ アプレシオ,https://aprecio.co.jp/shop/nishikasai/news/11005,東京都江戸川区西葛西6-7-1メトロアーケードA棟,35.66483420,139.85711780,,,,,
24,カラオケ ビッグエコー横浜プラザ店,https://big-echo.jp/shop_info/ビッグエコー横浜プラザ店/,220-0005 神奈川県 横浜市 西区南幸2-9-17　AC横浜ビル2・3F,35.46446940,139.61907160,,,,,
27,中高大学生向け 夏の催し物のご案内,https://ch.kanagawa-museum.jp/news/10609,〒231-0006神奈川県横浜市中区南仲通5-60,35.44911380,139.63629930,,,,,
19,コミック＆インターネットカフェ アプレシオ,https://aprecio.co.jp/shop/nishikasai/news/11005,東京都江戸川区西葛西6-7-1メトロアーケードA棟,35.66483420,139.85711780,,,,,
27,中高大学生向け 夏の催し物のご案内,https://ch.kanagawa-museum.jp/news/10609,〒231-0006神奈川県横浜市中区南仲通5-60,35.44911380,139.63629930,,,,,
19,コミック＆インターネットカフェ アプレシオ,https://aprecio.co.jp/shop/nishikasai/news/11005,東京都江戸川区西葛西6-7-1メトロアーケードA棟,35.66483420,139.85711780,,,,,
27,中高大学生向け 夏の催し物のご案内,https://ch.kanagawa-museum.jp/news/10609,〒231-0006神奈川県横浜市中区南仲通5-60,35.44911380,139.63629930,,,,,
34,CITY CIRCUIT,https://city-circuit.com/2024/04/student/,〒135-0064 東京都江東区青海1丁目3-12,35.62473130,139.77899580,,,,,
35,SHINJUKU COPABOWL,https://copa-shinjuku.com/events/packprice/,〒160-0021　東京都新宿区歌舞伎町1-20-1HUMAXパビリオン新宿歌舞伎町3・4F,35.69598850,139.70149230,,,,,
39,ダーツスタジアム池袋店,https://darts-stadium.jp/archives/3763,東京都豊島区西池袋1-37-12 ロサ会館8F,35.73239360,139.70920860,,,,,
41,横濱家系ラーメン 海老名家,https://ebinaya.foodre.jp/,243-0432 神奈川県 海老名市 中央１-４-１ ビナウォーク６番館１F,35.45147200,139.39197420,,,,,
57,横浜/みなとみらいの海で仲間と海沿いBBQ（バーベキュー）！,https://hemingway-yokohama.cafe/bbq/gakuwari/,〒220-0012 神奈川県横浜市西区 みなとみらい2-1-1 横浜港ボートパーク,35.46007980,139.63245770,,,,,
86,みなとみらいで楽しむ！学生限定300円OFFの串揚げ食べ放題プラン,https://kanagawa.publishing.3rd-in.co.jp/article/784cb352-e8d8-11ef-b8ec-9ca3ba0a67df,〒231-0001 神奈川県横浜市中区新港２丁目２−１ 横浜ワールドポーターズ 5階,35.45394040,139.63899250,,,,,
89,カラオケバンバン,https://karaoke-shin.jp/,沖縄県那覇市 ゆいレール奥武山公園,26.21304110,127.67854710,,,,,
60,【公式】カラオケ&ダーツ 一橋学園店,https://hitotsubashi.karaoke-foryou.com/,東京都小平市学園東町1-4-39 平山ビル3F,35.72333010,139.48080760,,,,,
78,ダーツショップRE+LUX,https://joypark-pv.com/2025/04/30/dartsshoprelux/,東京都町田市原町田5-5-7,35.54462810,139.45051280,,,,,
92,極ラーメン宙,https://kiwamesora.com/student-price.html,〒865-0061 熊本県玉名市立願寺314-1-1,32.93586870,130.55161940,,,,,
93,学割で激安！整体,https://koyagi.jp/chiropractic2/20200721135732/,神奈川県相模原市緑区橋本3-19-21 ハピニス・ライフ3-B,35.59583780,139.34722530,,,,,
94,学生必見！👀ルミネ北千住で「学割PASS」がスタート！,https://kumin.news/adachi/articles/834466,〒120-0026 東京都足立区千住旭町４２−２,35.75093930,139.80521410,,,,,
97,デックス東京ビーチで使える学割,https://l-tike.com/leisure/mevent/?mid=726198,〒135-0091 東京都港区台場１丁目６−１ デックス東京ビーチ 3F～5F,35.62921020,139.77591120,,,,,
99,国立科学博物館,https://localplace.jp/t100120700/contents/,〒110-8718東京都台東区上野公園7-20,35.71392520,139.77783380,,,,,
114,新潟発祥なおじ 上井草店,https://naoji.jp/shop/kamiigusa.html,〒167-0023 東京都杉並区上井草3丁目33-22-1階,35.72490390,139.60294060,,,,,
118,串揚げ・串天ブッフェ くし葉 横浜ワールドポーターズ,https://nilax.jp/store/51,〒231-0001 神奈川県横浜市中区新港２丁目２−１ 横浜ワールドポーターズ 5階,35.4539404,139.6389925,,,,,
137,しゃぶしゃぶどん亭 北砂店,https://www.don-tei.jp/fmenu_list.html?fmenu_categ_id=77,〒136-0073 東京都江東区北砂７丁目１−２５,35.67642730,139.83461320,,,,,
138,しゃぶしゃぶ牛太 ココリア多摩センター店,https://akr2334585762.owst.jp/,〒206-0033 東京都多摩市落合１丁目４６−１ ココリア多摩センタ ６Ｆ,35.62214770,139.42495820,,,,,
139,横浜苑 ,https://g405456.gorp.jp/,〒220-0005 神奈川県横浜市西区南幸１丁目２−９,35.46747040,139.62269670,,,,,
149,ローズホテル横浜,https://rosehotelyokohama.com/stay/plan/1930/,〒231-0023 神奈川県横浜市中区山下町７７,35.44408020,139.64682580,,,,,
151,横浜美術館,https://yokohama.art.museum/,〒220-0012 神奈川県横浜市西区みなとみらい３丁目４−１,35.45705920,139.63057540,,,,,
164,海鮮食堂すま家,https://sumaterasu.com/news/250916/,〒654-0076 兵庫県神戸市須磨区一の谷町５丁目,34.67501890,135.51635700,,,,,
165,但馬屋 四条河原町店,https://tajimaya-shijokawaramachi.manzo.club/student-discount-course/,〒600-8567 京都府京都市下京区四条通河原町東入真町６８ 京都住友ビルディング 7F,35.00376930,135.76895380,,,,,
170,東京国立博物館,https://tnm-museum.world/jp/,〒110-8712　東京都台東区上野公園13-9,35.71890050,139.77634790,,,,,
185,1泊1980円ホテルTokyo,https://www.1980stay.com/sp/post/post20.html,〒110-0004 東京都台東区下谷３丁目１０−１０ SN入谷ビル,35.72437550,139.78698190,,,,,
186,アニタッチ みなとみらい,https://www.anitouch.jp/,〒231-0001 神奈川県横浜市中区新港２丁目２−１,35.4539404,139.6389925,,,,,
189,BAPOS Hair Salon,https://www.bapos-hair.com/2-cnxo, 〒167-0053 東京都杉並区西荻南３丁目１７−２,35.70373980,139.60254900,,,,,
192,DiCE渋谷ちとせ会館店,https://www.diskcity.co.jp/topics/shop/shibuya/detail.php?nid=1849,〒150-0042 東京都渋谷区宇田川町１３−８ ちとせ会館 ３階,35.66114180,139.69855080,,,,,
193,SOGO美術館,https://www.sogo-seibu.jp/common/museum/,〒220-8510 神奈川県横浜市西区高島２丁目１８−１,35.46548630,139.62495010,,,,,
194,新江ノ島水族館,https://www.enosui.com/basicinfo.php,〒251-0035 神奈川県藤沢市片瀬海岸２丁目１９−１,35.30967630,139.47989360,,,,,
195,みらい美術館,https://www.gltjp.com/ja/directory/item/13693/,〒220-0011 神奈川県横浜市西区高島１丁目２−１５,35.46101500,139.62531420,,,,,
196,天然温泉平和島,https://www.heiwajima-onsen.jp/topics/detail---id-95.html,〒143-0006 東京都大田区平和島１丁目１−１,35.58550530,139.74029460,,,,,
200,コロナボウル,https://www.korona.co.jp/Bowling/Original/index.asp?Seq=573&SubSeq=1,〒256-0813 神奈川県小田原市前川２１９−４,35.2786436,139.1940681,,,,,
201,みなとみらいアイクリニック,https://www.minatomiraieye.jp/fee/disc1.html,〒220-6208 横浜市西区みなとみらい2-3-5,35.4570522,139.6341836,,,,,
203,日本丸メモリアルパーク,https://www.nippon-maru.or.jp/userguide/,〒220-0012 神奈川県横浜市西区みなとみらい２丁目１−１,35.4537547,139.6323186,,,,,
204,新横浜ラーメン博物館,https://www.raumen.co.jp/guidance/,〒222-0033 神奈川県横浜市港北区新横浜２丁目１４−２１,35.5098154,139.6145306,,,,,
208,どんどんうどん,https://www.s-dondon.co.jp/discount-menu/,〒103-0015　東京都中央区日本橋箱崎町22-1,35.6815387,139.7864911,,,,,
209,三溪園,https://www.sankeien.or.jp/faq/583/,〒231-0824 神奈川県横浜市中区本牧三之谷５８−１,35.4151414,139.6599732,,,,,
214,東京メトロポリタン庭園美術館,https://www.teien-art-museum.ne.jp/visit/ticket/,〒108-0071 東京都港区白金台５丁目２１−９,35.6356768,139.7204015,,,,,
18,カルビ大将,https://antenna.jp/articles/28391925,住所多数,,,,,,,
4,手しおご飯玄,http://www.gen-nakano.jp/,住所多数,,,,,,,
113,蒙古タンメン中本,https://nakamoto.tokyo/menu/学生セット/,,,,,,,,
5,109cinemas,https://109cinemas.net/movil/prices.html,住所多数,,,,,,,
7,「魚河岸にぎり 濱一貫」食べ放題専門店にリニューアル！横浜ベイクォーターのグルメ寿司,https://1201.yokohama/hamaikkan-bay-quarter/,神奈川県横浜市神奈川区金港町1-10 横浜ベイクォーター5階,,,,,,,
121,しゃぶ葉,https://www.skylark.co.jp/syabuyo/gakusei/index.html,,,,,,,,
206,ラウンドワン-スポッチャ,https://www.round1.co.jp/service/spo-cha/gakusei/index.html,,,,,,,,
207,エスダーツ 本店,https://www.s-darts.com/html/page147.html,オンライン,,,,,,,
162,串カツ田中,https://stores.dengana.jp/detail/3811/sns/1192741/,,,,,,,,
8,学生無料ウィーク(美術館),https://6museums.tokyo/week.html,住所多数,,,,,,,
10,【焼肉の和民】大人気「学割プラン」にデザート17種が加わってパワーアップ！90分食べ飲み放題の“,https://adv.tokyo-np.co.jp/prtimes/article30040/,"住所多数,,,,,,,
187,カルビ大将,https://www.asahi.com/and/pressrelease/16030962,,,,,,,,
188,バリアン,https://www.balian-gakuwari.com/,,,,,,,,
145,カスタマカフェ,https://rakutama.com/,,,,,,,,
11,【物価高時代の救世主!?】中とろ、ほたて、いくら、ラーメン、ケーキも食べ放題 「かっぱ寿司の食べ,https://adv.tokyo-np.co.jp/prtimes/article32869/,住所多数,,,,,,,
12,タイムズ スパ・レスタ,https://adv.tokyo-np.co.jp/prtimes/article49979/,住所多数,,,,,,,
15,赤から学生限定セット ,https://akakara.jp/pages/gakuwari-shop,住所多数,,,,,,,
16,焼肉レストラン 安楽亭,https://anrakutei.jp/topic/tabehoudai/,住所多数,,,,,,,
33,カラオケBEAR,https://city-bear.com/room_service/service_tag17/,住所多数,,,,,,,
38,学割で楽しめるダーツ店舗一覧,https://darts-b-garage.jp/shop/facilities/student_discount/,住所多数,,,,,,,
45,社会人大学生でも使える！「学割」で楽しむ博物館,https://futabanwa.net/entry/2025/01/04/222333,住所多数,,,,,,,
76,白遊空間,https://jiqoo.jp/shop/?m=free&free=学割&setLang=Array,住所多数,,,,,,,
79,東京～新大阪の新幹線 学割料金,https://jr-group.jp/gakuwari-tokyo-shinosaka/,住所多数,,,,,,,
81,東海道新幹線,https://jr-shinkansen.net/articles/gakuwari-tokaido/,住所多数,,,,,,,
85,焼肉ライク学割は年齢制限なし！トッピング無料＆ご飯おかわりも,https://kanagawa-report.com/like-gakuwari/,住所多数,,,,,,,
90,カラオケTOKI,https://karaoketoki.jp/,住所多数,,,,,,,
91,【神奈川】動物園、水族館の学割,https://kids-zoo.info/kanagawa/,住所多数,,,,,,,
95,串カツ田中,https://kushi-tanaka.co.jp/press/entry/2833,住所多数,,,,,,,
96,トランポリンパーク TRANPON,https://kzkmkuyi.wixsite.com/trampon,住所多数,,,,,,,
115,焼肉ライク,https://www.yakiniku-like.com/2025/09/12/shingakuwari2/,,,,,,,,
117,焼肉の和民,https://yakiniku-watami.com/student-discount-eating/,,,,,,,,
216,じゅうじゅうカルビ,https://www.tomato-a.co.jp/jyujyukarubi/tabehoudai/gakusei.html,,,,,,,,
217,東横イン,https://www.toyoko-inn.com/search/detail/00019/news/7A678/,,,,,,,,
218,JELLY JELLY CAFE 渋谷本店,https://jellyjellycafe.com/shibuya,〒150-0042 東京都渋谷区宇田川町10-2 新東京ビル202,35.66272700,139.69716600,,,,,
219,JELLY JELLY CAFE 池袋2号店,https://jellyjellycafe.com/ikebukuro2,〒171-0014 東京都豊島区池袋2-12-9 広瀬ビル3F,35.73246100,139.70662700,,,,,
220,JELLY JELLY CAFE 秋葉原店,https://jellyjellycafe.com/akihabara,〒101-0025 東京都千代田区神田佐久間町3丁目37-23,35.69718800,139.77618300,,,,,
221,JELLY JELLY CAFE 水道橋店,https://jellyjellycafe.com/suidobashi,〒101-0061 東京都千代田区神田三崎町3丁目7-13 田中ビル3階,35.69840556,139.75695000,,,,,
222,JELLY JELLY CAFE 新宿南口店,https://jellyjellycafe.com/shinjuku,〒160-0023 東京都新宿区西新宿1-14-10 西新宿ビル4F,35.68895700,139.69832900,,,,,
223,JELLY JELLY CAFE 新宿歌舞伎町店,https://jellyjellycafe.com/kabukicho,〒160-0021 東京都新宿区歌舞伎町1-17-5 Jビル4F,35.69497200,139.70231400,,,,,
224,JELLY JELLY CAFE 高田馬場店,https://jellyjellycafe.com/takadanobaba,〒169-0075 東京都新宿区高田馬場3-2-14 天翔高田馬場ビル3F,35.71237900,139.70342300,,,,,
225,JELLY JELLY CAFE 中野店,https://jellyjellycafe.com/nakano,〒164-0001 東京都中野区中野5-66-4 井口ビル2F,35.70862300,139.66599600,,,,,
226,JELLY JELLY CAFE 北千住店,https://jellyjellycafe.com/kitasenju,〒120-0034 東京都足立区千住2-61 ビックリヤ北千住西口ビル4F,35.74962700,139.80456300,,,,,
227,JELLY JELLY CAFE 吉祥寺店,https://jellyjellycafe.com/kichijoji,〒180-0004 東京都武蔵野市吉祥寺本町1-10-9 富澤ビル4F,35.70343000,139.57978400,,,,,
228,JELLY JELLY CAFE 立川店,https://jellyjellycafe.com/tachikawa,〒190-0023 東京都立川市柴崎町3-6-23 LXビル6F,35.69785800,139.41315300,,,,,
229,JELLY JELLY CAFE 渋谷宮益坂店,https://jellyjellycafe.com/shibuya-miyamasuzaka,〒150-0002 東京都渋谷区渋谷1-12-24 707渋谷ビル4F,35.66080300,139.70339500,,,,,
230,JELLY JELLY CAFE 池袋店,https://jellyjellycafe.com/ikebukuro,〒171-0021 東京都豊島区西池袋3-29-9 福利ビル3F,35.72967300,139.70716200,,,,,
231,快活CLUB 練馬笹目通り店,https://www.navitime.co.jp/category/0104002007/13/,東京都練馬区南田中5-3-17,35.73368800,139.62221700,,,,,
232,快活CLUB 神田駅南口店,https://www.navitime.co.jp/category/0104002007/13/,東京都千代田区鍛冶町2-1-2神田南口鋭光ビル3-5F,35.69174200,139.77088100,,,,,
233,快活CLUB 新宿歌舞伎町店,https://www.navitime.co.jp/category/0104002007/13/,東京都新宿区歌舞伎町1-5-22-9F,35.69520800,139.70285600,,,,,
234,快活CLUB 浜松町店,https://www.navitime.co.jp/category/0104002007/13/,東京都港区浜松町2-1-1,35.65546200,139.75710100,,,,,
235,快活CLUB 赤坂見附駅前店,https://www.navitime.co.jp/category/0104002007/13/,東京都港区赤坂3-9-7 2F・3F,35.67668200,139.73662300,,,,,
236,快活CLUB 新宿駅西口店,https://www.navitime.co.jp/category/0104002007/13/,東京都新宿区西新宿1-8-5 4F,35.68958100,139.69916200,,,,,
237,快活CLUB 上野広小路店,https://www.navitime.co.jp/category/0104002007/13/,東京都台東区上野1-20-10,35.70786400,139.77337700,,,,,
238,快活CLUB 上野御徒町店,https://www.navitime.co.jp/category/0104002007/13/,東京都台東区上野4-2-6上野西田ビル2F,35.70877800,139.77392100,,,,,
239,快活CLUB 渋谷センター街店,https://www.navitime.co.jp/category/0104002007/13/,東京都渋谷区宇田川町24-10 2F-4F,35.66198500,139.69928400,,,,,
240,快活CLUB 銀座店,https://www.navitime.co.jp/category/0104002007/13/,東京都中央区銀座4-2-17,35.67186400,139.76493600,,,,,
241,快活CLUB 池袋東口駅前2号店,https://www.navitime.co.jp/category/0104002007/13/,東京都豊島区南池袋1-21-2ヒューマックスパビリオン南池袋7・8F,35.72992800,139.71235100,,,,,
242,快活CLUB 新宿駅東口店,https://www.navitime.co.jp/category/0104002007/13/,東京都新宿区新宿3丁目34-11ピースビル6,35.69195400,139.70354900,,,,,
243,快活CLUB 新宿駅西口2号店,https://www.navitime.co.jp/category/0104002007/13/,東京都新宿区西新宿1-19-14西新宿B&V 4-6F,35.68918900,139.69779000,,,,,
244,快活CLUB 中目黒駅前店,https://www.navitime.co.jp/category/0104002007/13/,東京都目黒区上目黒3-7-6,35.64431400,139.69863200,,,,,
245,快活CLUB 赤坂店,https://www.navitime.co.jp/category/0104002007/13/,東京都港区赤坂2-14-33 赤坂三田ビル6F,35.67349300,139.73755000,,,,,
246,快活CLUB 池袋サンシャイン60通り店,https://www.navitime.co.jp/category/0104002007/13/?page=2,東京都豊島区東池袋1-29-1 サントロペビル5F,35.72951600,139.71482000,,,,,
247,快活CLUB 吉祥寺サンロード店,https://www.navitime.co.jp/category/0104002007/13/?page=2,東京都武蔵野市吉祥寺本町1-11-30 サンロードプラザダイアパレス3F,35.70420600,139.57963200,,,,,
248,快活CLUB 調布南口店,https://www.navitime.co.jp/category/0104002007/13/?page=2,東京都調布市布田4-2-4 シーエフ調布駅前ビル4F,35.65146900,139.54330700,,,,,
249,快活CLUB 府中店,https://www.navitime.co.jp/category/0104002007/13/?page=2,東京都府中市宮西町1-3-3 Bビル6F,35.66984100,139.48070100,,,,,
250,快活CLUB 西葛西駅前店,https://www.navitime.co.jp/category/0104002007/13/?page=2,東京都江戸川区西葛西3-15-12,35.66475600,139.85950300,,,,,
251,快活CLUB 新小岩駅前店,https://www.navitime.co.jp/category/0104002007/13/?page=2,東京都葛飾区新小岩1-43-6オリムピアビル3F・4F,35.71646000,139.85882900,,,,,
252,快活CLUB 中野駅北口店,https://www.navitime.co.jp/category/0104002007/13/?page=2,東京都中野区中野5-65-6,35.70792500,139.66593300,,,,,
253,快活CLUB 蒲田駅西口店,https://www.navitime.co.jp/category/0104002007/13/?page=2,東京都大田区西蒲田7-66-5 ミヤベビル2-4F,35.56295700,139.71605900,,,,,
254,快活CLUB 武蔵小山駅前店,https://www.navitime.co.jp/category/0104002007/13/?page=2,東京都品川区小山3-21-15 井門武蔵小山ビルB1F,35.62092300,139.70493200,,,,,
255,快活CLUB 立川駅北口店,https://www.navitime.co.jp/category/0104002007/13/?page=2,東京都立川市曙町2-7-20 カメヤビル3F,35.69931400,139.41384700,,,,,
256,快活CLUB 北千住駅西口店,https://www.navitime.co.jp/category/0104002/13/?page=2,東京都足立区千住2-54 北千住ハリウッドビル4・5F,35.74964700,139.80456200,,,,,
257,快活CLUB 東大和店,https://www.navitime.co.jp/category/0104002/13/?page=2,東京都東大和市立野1-2-1,35.74501200,139.42583900,,,,,
258,快活CLUB 吉祥寺店,https://www.navitime.co.jp/category/0104002/13/?page=2,東京都武蔵野市吉祥寺本町1-8-9 高田ビル2・3F,35.70401400,139.57874500,,,,,
259,カラオケまねきねこ 渋谷本店,https://japantravel.navitime.com/en/area/jp/spot/06112-660/,東京都渋谷区道玄坂2-29-5 渋谷プライム4F,35.65950000,139.69960000,,,,,
260,カラオケまねきねこ 渋谷センター街ANNEX店,https://japantravel.navitime.com/en/area/jp/spot/06112-940/,東京都渋谷区宇田川町32-8 HULIC&New UDAGAWA Building1-2F,35.66240000,139.69980000,,,,,
261,カラオケまねきねこ 新宿東南口店,https://tabelog.com/tokyo/A1304/A130401/13301888/,東京都新宿区新宿3-35-18 新宿東南口ビル4F・6F,35.69190000,139.70350000,,,,,
262,カラオケまねきねこ 新宿靖国通り店,https://r.gnavi.co.jp/1cnjfhg40000/,東京都新宿区歌舞伎町1-6-2,35.69490000,139.70300000,,,,,
263,カラオケまねきねこ 八重洲店,https://www.karaokemanekineko.jp/locations/tokyo/chuo-ku/yaesu-store/,東京都中央区日本橋2-3-18 江間忠さくらビル6F,35.68140000,139.77070000,,,,,
264,カラオケまねきねこ 水道橋店,https://www.jkba.or.jp/kamei/list/tokyo,東京都千代田区神田三崎町2-8-7 庄や第一ビル3F〜5F,35.69910000,139.75340000,,,,,
265,カラオケまねきねこ 水道橋2号店,https://www.jkba.or.jp/kamei/list/tokyo,東京都千代田区神田三崎町2-19-4,35.70020000,139.75360000,,,,,
266,カラオケまねきねこ 秋葉原昭和通り口店,https://www.jkba.or.jp/kamei/list/tokyo,東京都千代田区神田佐久間町1-21,35.69890000,139.77550000,,,,,
267,カラオケまねきねこ 神田小川町店,https://www.jkba.or.jp/kamei/list/tokyo,東京都千代田区神田小川町3-3 神保町ビル3F・4F,35.69560000,139.75990000,,,,,
268,カラオケまねきねこ 保谷南口店,https://www.karaokemanekineko.jp/locations/tokyo/nerima-ku/hoya-minamiguchi-store/,東京都練馬区南大泉3-31-22 保谷駅前ビル3F,35.74900000,139.56370000,,,,,
269,カラオケまねきねこ 青梅千ケ瀬店,https://www.navitime.co.jp/category/0104001003/13/,東京都青梅市千ヶ瀬町4丁目326-1,35.78730000,139.27570000,,,,,
270,カラオケまねきねこ 池袋サンシャイン通り店,https://japantravel.navitime.com/en/area/jp/spot/06112-634/,東京都豊島区東池袋1-29-1,35.72950000,139.71480000,,,,,
271,カラオケ館 西新宿店,https://www.navitime.co.jp/around/category/poi?address=13&category=0104001008,東京都新宿区西新宿1-19-14,35.68918900,139.69779000,,,,,
272,カラオケ館 新宿店,https://www.navitime.co.jp/around/category/poi?address=13&category=0104001008,東京都新宿区西新宿1-5-12,35.69087200,139.69891300,,,,,
273,カラオケ館 新宿大ガード店,https://www.navitime.co.jp/around/category/poi?address=13&category=0104001008,東京都新宿区西新宿7-1-7,35.69372100,139.69709000,,,,,
274,カラオケ館 新宿中央口店,https://www.navitime.co.jp/category/0104001008/13/?tags=100408,東京都新宿区新宿3-36-5,35.69183900,139.70347100,,,,,
275,カラオケ館 新宿東口店,https://www.navitime.co.jp/around/category/poi?address=13&category=0104001008,東京都新宿区新宿3-26-14,35.69301500,139.70368100,,,,,
276,カラオケ館 西武新宿駅前店,https://www.navitime.co.jp/around/category/poi?address=13&category=0104001008,東京都新宿区歌舞伎町1-28-1,35.69483800,139.70090800,,,,,
277,カラオケ館 歌舞伎町本店,https://www.navitime.co.jp/poi?spot=06385-23,東京都新宿区歌舞伎町1-17-10,35.69435600,139.70161500,,,,,
278,カラオケ館 歌舞伎町店,https://www.navitime.co.jp/poi?spot=02022-1339066,東京都新宿区歌舞伎町1-22-7,35.69509100,139.70203000,,,,,
279,カラオケ館 新宿靖国通り店,https://www.navitime.co.jp/around/category/poi?address=13&category=0104001008,東京都新宿区歌舞伎町1-5-7,35.69471300,139.70324400,,,,,
280,カラオケ館 渋谷本店,https://www.navitime.co.jp/category/0104001008/13/,東京都渋谷区宇田川町25-6,35.66212100,139.69944900,,,,,
281,カラオケ館 銀座総本店,https://www.navitime.co.jp/category/0104001008/13/,東京都中央区銀座4-2-17,35.67186400,139.76493600,,,,,
282,カラオケ館 神田小川町店,https://www.navitime.co.jp/category/0104001008/13/?page=4,東京都千代田区神田小川町3-8-9,35.69560100,139.75988100,,,,,
283,カラオケ館 日本橋店,https://www.navitime.co.jp/category/0104001008/13/?page=4,東京都中央区日本橋3-3-18,35.68191200,139.77320500,,,,,
284,カラオケ館 八重洲店,https://www.navitime.co.jp/category/0104001008/13/?page=4,東京都中央区日本橋3-1-15,35.68151700,139.77238200,,,,,
285,カラオケ館 北千住駅前店,https://www.navitime.co.jp/category/0104001008/13/?page=4,東京都足立区千住2-58,35.74958700,139.80459500,,,,,
286,カラオケ館 浅草雷門店,https://www.navitime.co.jp/category/0104001008/13/?page=4,東京都台東区浅草1-3-5,35.71162200,139.79507600,,,,,
287,カラオケ館 錦糸町店,https://www.navitime.co.jp/category/0104001008/13/?tags=100408,東京都墨田区江東橋3-12-8,35.69699100,139.81488100,,,,,
288,カラオケ館 浅草国際通り店,https://www.navitime.co.jp/category/0104001008/13/?tags=100408,東京都台東区浅草2-11-3,35.71448900,139.79258200,,,,,
289,カラオケ館 新橋外堀通り店,https://www.navitime.co.jp/category/0104001008/13/?page=3&tags=100408,東京都港区新橋2-6-5,35.66579100,139.75841700,,,,,
290,カラオケ コート・ダジュール 目黒東口店,https://www.cotedazur.jp/branch/detail/10146.html,東京都品川区上大崎2-27-1 サンフェリスタ目黒6F,35.63412770,139.71487300,,,,,
291,カラオケ コート・ダジュール 大井町東口店,https://www.cotedazur.jp/branch/detail/10157.html,東京都品川区東大井5-3-7 プラザヤワタヤ4 5F,35.60739750,139.73579390,,,,,
292,カラオケ コート・ダジュール 学芸大学西口店,https://www.cotedazur.jp/branch/detail/10153.html,東京都目黒区鷹番3-8-9 第3福田ビルB1-3F,35.62944630,139.68518060,,,,,
293,カラオケ コート・ダジュール 自由が丘店,https://www.cotedazur.jp/branch/detail/10150.html,東京都目黒区自由が丘2-10-8 エヌケービル4F,35.60821440,139.66781610,,,,,
294,カラオケ コート・ダジュール 蒲田駅西口店,https://www.cotedazur.jp/branch/detail/10143.html,東京都大田区西蒲田7-3-3 第一醍醐ビル6F,35.56298810,139.71562520,,,,,
295,カラオケ コート・ダジュール 千歳烏山店,https://www.cotedazur.jp/branch/detail/10249.html,東京都世田谷区南烏山4-12-7 クレアビル3F,35.66899580,139.60099240,,,,,
296,カラオケ コート・ダジュール 仙川店,https://www.cotedazur.jp/branch/detail/10141.html,東京都調布市仙川町1-15-1 坂口仙川ビル1F,35.66009370,139.58567940,,,,,
297,カラオケ コート・ダジュール 多摩ニュータウン店,https://www.cotedazur.jp/branch/detail/10133.html,東京都多摩市乞田1028-1,35.63179750,139.43415400,,,,,
298,カラオケ ビッグエコー 八重洲本店,https://big-echo.jp/shop_info/%E3%83%93%E3%83%83%E3%82%B0%E3%82%A8%E3%82%B3%E3%83%BC%E5%85%AB%E9%87%8D%E6%B4%B2%E6%9C%AC%E5%BA%97,東京都中央区日本橋3-2-17,35.6806322,139.7710289,,,,,
299,カラオケ ビッグエコー 銀座店,https://big-echo.jp/?p=5196,東京都中央区銀座4-2-14 DK銀座ビル,35.672615,139.7637482,,,,,
300,カラオケ ビッグエコー 新橋銀座口駅前店,https://big-echo.jp/?p=5209,東京都港区新橋1-12-6 マイアミ新橋ビル,35.6675351,139.7588073,,,,,
301,カラオケ ビッグエコー 有楽町店,https://big-echo.jp/?p=5201,東京都千代田区有楽町1-6-5,35.6737998,139.7608427,,,,,
302,カラオケ ビッグエコー 新有楽町店,https://big-echo.jp/?p=5310,東京都千代田区有楽町2-3-5 aune有楽町B2F,35.6732525,139.7615665,,,,,
303,カラオケ ビッグエコー 新宿東口駅前店,https://big-echo.jp/shop_info/%E3%83%93%E3%83%83%E3%82%B0%E3%82%A8%E3%82%B3%E3%83%BC%E6%96%B0%E5%AE%BF%E6%9D%B1%E5%8F%A3%E9%A7%85%E5%89%8D%E5%BA%97,東京都新宿区新宿3-26-2 新宿第二ビル,35.6913643,139.7020603,,,,,
304,カラオケ ビッグエコー 西新宿店,https://big-echo.jp/shop_info/%E3%83%93%E3%83%83%E3%82%B0%E3%82%A8%E3%82%B3%E3%83%BC%E6%96%B0%E5%AE%BF%E8%A5%BF%E5%8F%A3%E5%BA%97,東京都新宿区西新宿1-4-1 プリンスビル,35.6929663,139.69904,,,,,
305,カラオケ ビッグエコー 西新宿センター店,https://big-echo.jp/shop_info/%E8%A5%BF%E6%96%B0%E5%AE%BF%E3%82%BB%E3%83%B3%E3%82%BF%E3%83%BC%E5%BA%97,東京都新宿区西新宿1-13-6,35.6894302,139.6966516,,,,,
306,カラオケ ビッグエコー 渋谷センター街本店,https://big-echo.jp/shop_info/%E3%82%AB%E3%83%A9%E3%82%AA%E3%82%B1-%E3%83%93%E3%83%83%E3%82%B0%E3%82%A8%E3%82%B3%E3%83%BC%E6%B8%8B%E8%B0%B7%E3%82%BB%E3%83%B3%E3%82%BF%E3%83%BC%E8%A1%97%E6%9C%AC%E5%BA%97,東京都渋谷区宇田川町21-8,35.660018,139.7000243,,,,,
307,カラオケ ビッグエコー 渋谷宮益坂口駅前店,https://big-echo.jp/shop_info/%E3%83%93%E3%83%83%E3%82%B0%E3%82%A8%E3%82%B3%E3%83%BC%E6%B8%8B%E8%B0%B7%E5%AE%AE%E7%9B%8A%E5%9D%82%E5%8F%A3%E9%A7%85%E5%89%8D%E5%BA%97,東京都渋谷区渋谷1-24-12,35.6599847,139.701951,,,,,
308,カラオケ ビッグエコー 渋谷道玄坂店,https://big-echo.jp/?p=17552,東京都渋谷区道玄坂2-6-11 渋谷プラザビル,35.6587769,139.6984934,,,,,
309,カラオケ ビッグエコー 上野駅前店,https://big-echo.jp/shop_info/%E3%83%93%E3%83%83%E3%82%B0%E3%82%A8%E3%82%B3%E3%83%BC%E4%B8%8A%E9%87%8E%E9%A7%85%E5%89%8D%E5%BA%97,東京都台東区上野4-10-6,35.710818,139.7742398,,,,,
310,カラオケ ビッグエコー 秋葉原駅前店,https://big-echo.jp/?p=24070,東京都千代田区外神田1-18-19,35.6988099,139.7718692,,,,,
311,カラオケ ビッグエコー 浅草店,https://big-echo.jp/shop_info/%E3%83%93%E3%83%83%E3%82%B0%E3%82%A8%E3%82%B3%E3%83%BC%E6%B5%85%E8%8D%89%E5%BA%97,東京都台東区浅草1-1-13,35.71153,139.7976187,,,,,
312,カラオケ ビッグエコー 浜松町駅前店,https://big-echo.jp/?p=5324,東京都港区浜松町1-29-11,35.6568645,139.7554639,,,,,
313,カラオケ ビッグエコー 赤坂見附店,https://big-echo.jp/?p=5168,東京都港区赤坂3-1-10,35.676637,139.736832,,,,,
314,カラオケ ビッグエコー 高田馬場駅前店,https://big-echo.jp/?p=5239,東京都新宿区高田馬場4-7-5,35.7136018,139.7037221,,,,,
315,カラオケ ビッグエコー 池袋西口駅前店,https://big-echo.jp/?p=5274,東京都豊島区西池袋1-21-1,35.7317781,139.7092699,,,,,
316,カラオケ ビッグエコー 品川港南口駅前店,https://big-echo.jp/shop_info/%E3%83%93%E3%83%83%E3%82%B0%E3%82%A8%E3%82%B3%E3%83%BC%E5%93%81%E5%B7%9D%E6%B8%AF%E5%8D%97%E5%8F%A3%E9%A7%85%E5%89%8D%E5%BA%97,東京都港区港南2-6-9,35.628618,139.7423638,,,,,
317,カラオケ ビッグエコー 八丁堀店,http://big-echo.jp/shop_info/%E3%83%93%E3%83%83%E3%82%B0%E3%82%A8%E3%82%B3%E3%83%BC%E5%85%AB%E4%B8%81%E5%A0%80%E5%BA%97/,東京都中央区八丁堀4-9-5,35.6744706,139.7776503,,,,,
318,カラオケ ビッグエコー 人形町店,https://big-echo.jp/shop_info/,東京都中央区日本橋人形町3-7-13,35.6863879,139.7819914,,,,,
319,カラオケ館 新宿店,https://karaokekan.jp/shop/detail/12,東京都新宿区西新宿1-5-12,35.6908720,139.6989130,,,,,
320,カラオケ館 新宿東口店,https://karaokekan.jp/shop/detail/14,東京都新宿区新宿3-26-14,35.6930150,139.7036810,,,,,
321,カラオケ館 新宿中央口店,https://karaokekan.jp/shop/detail/18,東京都新宿区新宿3-36-5,35.6918390,139.7034710,,,,,
322,カラオケ館 西新宿店,https://karaokekan.jp/shop/detail/11,東京都新宿区西新宿1-19-14,35.6891890,139.6977900,,,,,
323,カラオケ館 西武新宿駅前店,https://karaokekan.jp/shop/detail/33,東京都新宿区歌舞伎町1-28-1,35.6948380,139.7009080,,,,,
324,カラオケ館 歌舞伎町本店,https://karaokekan.jp/shop/detail/35,東京都新宿区歌舞伎町1-17-10,35.6943560,139.7016150,,,,,
325,カラオケ館 渋谷本店,https://karaokekan.jp/shop/detail/61,東京都渋谷区宇田川町25-6,35.6621210,139.6994490,,,,,
326,カラオケ館 渋谷道玄坂店,https://karaokekan.jp/shop/detail/63,東京都渋谷区道玄坂2-6-16,35.6589860,139.6986730,,,,,
327,カラオケ館 銀座総本店,https://karaokekan.jp/shop/detail/51,東京都中央区銀座4-2-17,35.6718640,139.7649360,,,,,
328,カラオケ館 新橋外堀通り店,https://karaokekan.jp/shop/detail/55,東京都港区新橋2-6-5,35.6657910,139.7584170,,,,,
329,カラオケ館 上野駅前店,https://karaokekan.jp/shop/detail/71,東京都台東区上野4-10-6,35.7108180,139.7742390,,,,,
330,カラオケ館 浅草雷門店,https://karaokekan.jp/shop/detail/74,東京都台東区浅草1-3-5,35.7116220,139.7950760,,,,,
331,カラオケ館 錦糸町店,https://karaokekan.jp/shop/detail/80,東京都墨田区江東橋3-12-8,35.6969910,139.8148810,,,,,
332,カラオケ館 北千住駅前店,https://karaokekan.jp/shop/detail/84,東京都足立区千住2-58,35.7495870,139.8045950,,,,,
333,カラオケ館 日本橋店,https://karaokekan.jp/shop/detail/48,東京都中央区日本橋3-3-18,35.6819120,139.7732050,,,,,
334,カラオケ館 八重洲店,https://karaokekan.jp/shop/detail/47,東京都中央区日本橋3-1-15,35.6815170,139.7723820,,,,,
335,カラオケルーム歌広場 高田馬場店,https://www.utahiro.com/store/storelist/store.php?sid=23,東京都新宿区高田馬場2-14-7 泉和ビル2階,35.7134100,139.7036300,,,,,
336,カラオケルーム歌広場 竹の塚店,https://www.utahiro.com/store/storelist/store.php?sid=51,東京都足立区竹の塚1-40-5 NEZU竹ノ塚ビル1階,35.7954300,139.7908800,,,,,
337,カラオケルーム歌広場 両国店,https://www.utahiro.com/store/storelist/store.php?sid=61,東京都墨田区両国3-26-5 両国ビルディング5階,35.6969300,139.7924600,,,,,
338,カラオケルーム歌広場 葛西店,https://www.utahiro.com/store/storelist/store.php?sid=62,東京都江戸川区中葛西3-37-18 笈川ビル5階,35.6642600,139.8724300,,,,,
339,カラオケルーム歌広場 渋谷宮益坂店,https://www.utahiro.com/store/storelist/store.php?sid=19,東京都渋谷区渋谷2-19-17 第106東京ビル6階,35.6599500,139.7031400,,,,,
340,カラオケルーム歌広場 赤羽店,https://www.utahiro.com/store/storelist/store.php?sid=55,東京都北区赤羽1-19-2 サンヨー第2ビル3階,35.7772800,139.7212000,,,,,
341,カラオケルーム歌広場 池尻大橋店,https://www.utahiro.com/store/storelist/store.php?sid=34,東京都目黒区東山3-3-8 大沢ビル2階,35.6509300,139.6840600,,,,,
342,カラオケルーム歌広場 駒込店,https://www.utahiro.com/store/storelist/store.php?sid=54,東京都豊島区駒込1-38-2 駒込TRビル7階,35.7360300,139.7472200,,,,,
343,カラオケルーム歌広場 五反田店,https://www.utahiro.com/store/storelist/store.php?sid=35,東京都品川区東五反田2-2-16 富久屋・ニッカ共同ビル5階,35.6264600,139.7234800,,,,,
344,カラオケルーム歌広場 日暮里店,https://www.utahiro.com/store/storelist/store.php?sid=36,東京都荒川区東日暮里5-51-12 日暮里安永ビル6階,35.7279400,139.7709400,,,,,
345,カラオケルーム歌広場 大塚店,https://www.utahiro.com/store/storelist/store.php?sid=37,東京都豊島区北大塚2-2-2,35.7312600,139.7284700,,,,,
346,カラオケルーム歌広場 糀谷駅前店,https://www.utahiro.com/store/storelist/store.php?sid=63,東京都大田区西糀谷4-28-9 青和第2ビル6階,35.5545200,139.7283400,,,,,
347,カラオケルーム歌広場 小岩店,https://www.utahiro.com/store/storelist/store.php?sid=64,東京都江戸川区西小岩1-21-2 ジャート小岩ビル2階,35.7332600,139.8811100,,,,,
348,カラオケルーム歌広場 国分寺店,https://www.utahiro.com/store/storelist/store.php?sid=65,東京都国分寺市本町2-2-12 コムロビル2階,35.6997500,139.4808500,,,,,
349,カラオケルーム歌広場 綾瀬店,https://www.utahiro.com/store/storelist/store.php?sid=66,東京都葛飾区小菅4-9-1 サニー商事ビル4階,35.7639400,139.8244600,,,,,
350,カラオケルーム歌広場 代々木店,https://www.utahiro.com/store/storelist/store.php?sid=67,東京都渋谷区代々木1-38-2 ミヤタビルディングB1階,35.6831500,139.7020300,,,,,
351,スペースクリエイト自遊空間 神田北口店,https://jiqoo.jp/shop/kannda,東京都千代田区鍛冶町2-9-3,35.6915180,139.7707370,,,,,
352,スペースクリエイト自遊空間 上野御徒町店,https://jiqoo.jp/shop/ueno-okachimachi,東京都台東区上野4-4-4,35.7089680,139.7736860,,,,,
353,スペースクリエイト自遊空間 日暮里店,https://jiqoo.jp/shop/nippori,東京都荒川区西日暮里2-19-7,35.7276060,139.7710130,,,,,
354,スペースクリエイト自遊空間 池袋西口ROSA店,https://jiqoo.jp/shop/ikebukuro-rosa,東京都豊島区西池袋1-37-12,35.7323970,139.7092040,,,,,
355,スペースクリエイト自遊空間 大塚店,https://jiqoo.jp/shop/otsuka,東京都豊島区北大塚2-2-2,35.7312600,139.7284700,,,,,
356,スペースクリエイト自遊空間 高田馬場店,https://jiqoo.jp/shop/takadanobaba,東京都新宿区高田馬場4-7-5,35.7136010,139.7037220,,,,,
357,スペースクリエイト自遊空間 新宿歌舞伎町店,https://jiqoo.jp/shop/kabukicho,東京都新宿区歌舞伎町1-17-10,35.6943560,139.7016150,,,,,
358,スペースクリエイト自遊空間 渋谷センター街店,https://jiqoo.jp/shop/shibuya,東京都渋谷区宇田川町24-8,35.6619320,139.6993850,,,,,
359,スペースクリエイト自遊空間 三軒茶屋店,https://jiqoo.jp/shop/sangenjaya,東京都世田谷区三軒茶屋2-14-12,35.6439210,139.6688860,,,,,
360,スペースクリエイト自遊空間 立川南口店,https://jiqoo.jp/shop/tachikawa,東京都立川市柴崎町3-6-23,35.6978580,139.4131530,,,,,
361,スペースクリエイト自遊空間 町田駅前店,https://jiqoo.jp/shop/machida,東京都町田市原町田6-13-17,35.5426830,139.4468210,,,,,
362,スペースクリエイト自遊空間 吉祥寺店,https://jiqoo.jp/shop/kichijoji,東京都武蔵野市吉祥寺本町1-8-9,35.7040140,139.5787450,,,,,
363,DiCE 池袋店,https://www.diskcity.co.jp/shop/ikebukuro/,東京都豊島区東池袋1-11-11 ホワイトシティビル2-10F,35.7309810,139.7149050,,,,,
364,DiCE 池袋北口店,https://www.diskcity.co.jp/shop/ikebukuro-north/,東京都豊島区西池袋1-43-12 アミューズ池袋ビル2-9F,35.7331890,139.7089930,,,,,
365,DiCE 新宿靖国通り店,https://www.diskcity.co.jp/shop/shinjuku/,東京都新宿区歌舞伎町1-16-3 セレサ陽栄新宿ビル4-7F,35.6946420,139.7017840,,,,,
366,DiCE 渋谷ちとせ会館店,https://www.diskcity.co.jp/shop/shibuya/,東京都渋谷区宇田川町13-8 ちとせ会館3-6F,35.6611418,139.6985508,,,,,
367,DiCE 自由が丘店,https://www.diskcity.co.jp/shop/jiyugaoka/,東京都目黒区自由が丘2-11-23 南風ビルB1-4F,35.6087390,139.6686020,,,,,
368,DiCE 赤羽店,https://www.diskcity.co.jp/shop/akabane/,東京都北区赤羽1-7-9 赤羽第一葉山ビル4-6F,35.7776400,139.7209500,,,,,
369,DiCE 大井町店,https://www.diskcity.co.jp/shop/oimachi/,東京都品川区東大井5-15-16 KHビル3-7F,35.6079820,139.7347130,,,,,
370,DiCE 上野店,https://www.diskcity.co.jp/shop/ueno/,東京都台東区上野4-2-6 上野西田ビル5-9F,35.7087780,139.7739210,,,,,
371,DiCE 立川店,https://www.diskcity.co.jp/shop/tachikawa/,東京都立川市曙町2-7-20 カメヤビル5-8F,35.6993140,139.4138470,,,,,
372,DiCE 町田店,https://www.diskcity.co.jp/shop/machida/,東京都町田市原町田6-13-17 アーバンミサワビル3-8F,35.5426830,139.4468210,,,,,
373,カスタマカフェ 歌舞伎町店,https://rakutama.com/shop_kabukicho/,東京都新宿区歌舞伎町1-21-1 第二東亜会館7F,35.6949870,139.7026400,,,,,
374,カスタマカフェ 上野店,https://rakutama.com/shop_ueno/,東京都台東区上野6-7-9 AS第一ビル6F,35.7098760,139.7762450,,,,,
375,カスタマカフェ 池袋西口店,https://rakutama.com/shop_ikebukuro/,東京都豊島区西池袋1-21-13 南蛮ビル5F,35.7316520,139.7094860,,,,,
376,カスタマカフェ 赤坂店,https://rakutama.com/shop_akasaka/,東京都港区赤坂3-13-3 赤坂セントラルビル3F,35.6747210,139.7379860,,,,,
377,カスタマカフェ 八重洲店,https://rakutama.com/shop_yaesu/,東京都中央区八重洲1-7-10 今井ビル3F,35.6811840,139.7708070,,,,,
378,カスタマカフェ 町田店,https://rakutama.com/shop_machida/,東京都町田市原町田6-19-15 大星ビル4F,35.5431180,139.4478230,,,,,
379,カスタマカフェ 立川店,https://rakutama.com/shop_tachikawa/,東京都立川市曙町2-7-20 MAビル6F,35.6993170,139.4138450,,,,,
373,カスタマカフェ 歌舞伎町店,https://rakutama.com/shop_kabukicho/,東京都新宿区歌舞伎町1-21-1 第二東亜会館7F,35.6949870,139.7026400,,,,,
374,カスタマカフェ 上野店,https://rakutama.com/shop_ueno/,東京都台東区上野6-7-9 AS第一ビル6F,35.7098760,139.7762450,,,,,
375,カスタマカフェ 池袋西口店,https://rakutama.com/shop_ikebukuro/,東京都豊島区西池袋1-21-13 南蛮ビル5F,35.7316520,139.7094860,,,,,
376,カスタマカフェ 赤坂店,https://rakutama.com/shop_akasaka/,東京都港区赤坂3-13-3 赤坂セントラルビル3F,35.6747210,139.7379860,,,,,
377,カスタマカフェ 八重洲店,https://rakutama.com/shop_yaesu/,東京都中央区八重洲1-7-10 今井ビル3F,35.6811840,139.7708070,,,,,
378,カスタマカフェ 町田店,https://rakutama.com/shop_machida/,東京都町田市原町田6-19-15 大星ビル4F,35.5431180,139.4478230,,,,,
379,カスタマカフェ 立川店,https://rakutama.com/shop_tachikawa/,東京都立川市曙町2-7-20 MAビル6F,35.6993170,139.4138450,,,,,